1	___READ
2	___SIGNALPTR
3	___WRITE
4	__C_EXIT
5	__CEXIT
6	__CHECKNULL
7	__CHMOD
8	__CLEANUP
9	__CLOSE
10	__CREAT
11	__CTYPE
12	__DOS_GETFILEATTR
13	__DOS_SETFILEATTR
14	__DOSERROR
15	__EXIT
16	__EXITBUF
17	__EXITFOPEN
18	__EXITOPEN
19	__FGETC
20	__FPUTC
21	__FPUTN
22	__GETFP
24	__IOERROR
25	__ISDST
26	__LONGTOA
27	__MKNAME
28	__MMODEL
29	__NFGETC
30	__NUNGETC
31	__OPEN
32	__OPENFP
33	__READ
34	__REALCVT
35	__RESTOREZERO
36	__SCANNER
37	__SCANPOP
38	__SCANRSLT
40	__SCANTOL
41	__SETUPIO
42	__STPCPY
43	__STREAMS
44	__TERMINATE
45	__TMPNAM
46	__UTOA
47	__VPRINTER
48	__WRITE
49	__XFCLOSE
50	__XFFLUSH
51	_AABBTV
52	_ABORT
53	_ABSBTV
54	_ACCACCT
55	_ACCBB
56	_ACCTMP
57	_ACTVSCN
58	_ACTVSCNSP
59	_ADDCRD
60	_ADDKYU
61	_ADDRES1
62	_ADDRES2
63	_ADDXRF
64	_ALCDUP
65	_ALCMEM
66	_ALCRSZ
67	_ALCVDA
68	_ALCZER
69	_ALLDGS
70	_ANPBTV
71	_ANSION
72	_ANSSTG
73	_APPLYEM
74	_ASKTBL
75	_ATEXIT
76	_ATOI
77	_ATOL
78	_AUDBB
79	_AUXCRT
80	_AUXHDL
81	_BACKHDL
82	_BAUDAT
83	_BBSTTL
84	_BDSPEC
85	_BEGIN_POLLING
86	_BELPER
87	_BGNCNC
88	_BGNEDT
89	_BGNLOF
90	_BOOTEM
91	_BYENOW
92	_CALCRC
93	_CATAEXIT
94	_CATASTRO
95	_CATFIX1
96	_CATFIX2
97	_CHANNEL
98	_CHGHOUR
99	_CHGMIN
100	_CHIMOVE
101	_CHISET
102	_CHKDFT
103	_CHNEMD
104	_CHOOSE
105	_CHOOUT
106	_CHOOWD
107	_CHROPT
108	_CLFILE
109	_CLOCK
110	_CLOSE
111	_CLREOL
112	_CLRINP
113	_CLRPRF
114	_CLRXRF
115	_CLS
116	_CLSBB
117	_CLSBTV
118	_CLSHEAD
119	_CLSMSG
120	_CLSPTR
121	_CNCALL
122	_CNCCHR
124	_CNCHEX
125	_CNCINT
126	_CNCLON
127	_CNCNUM
128	_CNCSIG
129	_CNCUID
130	_CNCWRD
131	_CNCYESNO
132	_CNTDIR
133	_CNTRBTV
134	_COFDAT
135	_COLOR
136	_COMPANY
137	_CONDEX
138	_CORELEFT
139	_CPUTYPE
140	_CPYKEY
141	_CRDUSR
142	_CREATNEW
143	_CREATTEMP
144	_CRTBTV
145	_CRTCLASS
146	_CURCURS
147	_CURCURX
148	_CURCURY
149	_CURSACT
150	_CURSIZ
151	_CURUSR
152	_CVTSCN
153	_DATAPH
154	_DATOFC
155	_DAYTODAY
156	_DBYTES
157	_DCDATE
158	_DCLVDA
159	_DCTIME
160	_DEDCRD
161	_DELACCT
162	_DELBTV
163	_DELXRF
164	_DEPAD
165	_DFLTASCN
166	_DFLTMSCN
167	_DFSTHN
168	_DFTBEL
169	_DIGALW
170	_DINSBTV
171	_DISPAG
172	_DLTCLS
173	_DOSTOUNIX
174	_DSAIRP
175	_DSKFRE
176	_DSPCHC
177	_DSPMNU
178	_DSPMSG
179	_DTRACK
180	_DUPDBTV
181	_ECHON
182	_ECHONU
183	_EDTCHC
184	_EDTIMR
185	_EDTVAL
186	_EMLSDROU
187	_EMUBEL
188	_EMUCHN
189	_ENAIRP
190	_ENAPAG
191	_ENDCNC
192	_EOF
193	_ERRCOD
194	_EURMSK
195	_EXIMOD
196	_EXIT
197	_EXPAND
198	_EXPLODE
199	_EXPLODELL
200	_EXPLODETO
201	_FARCORELEFT
202	_FARFREE
203	_FARMALLOC
204	_FARREALLOC
205	_FCLOSE
206	_FDOPEN
207	_FFLUSH
208	_FGETC
209	_FGETCHAR
210	_FGETS
211	_FILELENGTH
212	_FILEUP
213	_FINDMOD
214	_FINDSTG
215	_FINDTVAR
216	_FLDNMI
217	_FLL1ST
218	_FLLNXT
219	_FLLSPC
220	_FLUSHALL
221	_FMTX3
222	_FNDCLS
224	_FNDKEY
225	_FOPEN
226	_FPRINTF
227	_FPUTC
228	_FPUTCHAR
229	_FREAD
230	_FREE
231	_FRZSEG
232	_FSCANF
233	_FSDANS
234	_FSDAPR
235	_FSDBD1
236	_FSDBDF
237	_FSDBDN
238	_FSDBKG
239	_FSDDAN
240	_FSDDSP
241	_FSDEGO
242	_FSDEMG
243	_FSDENT
244	_FSDFXT
245	_FSDINC
246	_FSDINI
247	_FSDLIN
248	_FSDMAN
249	_FSDNAN
250	_FSDNFY
251	_FSDOBA
252	_FSDORD
253	_FSDOUC
254	_FSDOUS
255	_FSDPAN
256	_FSDPPC
257	_FSDPRC
258	_FSDQDP
259	_FSDQOE
260	_FSDRFT
261	_FSDROOM
262	_FSDSAN
263	_FSDSCB
264	_FSDUSR
265	_FSDXAN
266	_FSEEK
267	_FTELL
268	_FTFABT
269	_FTFAHD
270	_FTFBUF
271	_FTFCAN
272	_FTFCLI
273	_FTFCLO
274	_FTFNEW
275	_FTFNWP
276	_FTFOBA
277	_FTFOUS
278	_FTFOUT
279	_FTFRCA
280	_FTFRCL
281	_FTFREX
282	_FTFROP
283	_FTFRRD
284	_FTFRSK
285	_FTFRSQ
286	_FTFRWB
287	_FTFRWR
288	_FTFSCB
289	_FTFSRT
290	_FTFSTF
291	_FTFXCA
292	_FTFXCL
293	_FTFXLK
294	_FTFXOP
295	_FTFXRB
296	_FTFXRD
297	_FTFXRL
298	_FTFXSK
299	_FTFXSQ
300	_FTFZAD
301	_FTGDNL
302	_FTGNEW
303	_FTGNUM
304	_FTGPTR
305	_FTGSBM
306	_FTGSHO
307	_FTGUSR
308	_FTPLOG
309	_FTPLOGH
310	_FTUPTR
311	_FUPKIL
312	_FWRITE
313	_GABBTV
314	_GEN_HASKEY
315	_GENRDN
316	_GETASC
317	_GETBTV
318	_GETCH
319	_GETCHC
320	_GETDATE
321	_GETDTD
322	_GETENV
324	_GETIN
325	_GETLST
326	_GETMSG
327	_GETTIME
328	_GETTND
329	_GIVKEY
330	_GLOBALCMD
331	_GMDNAM
332	_GOPAGE
333	_GRBTXV
334	_HASKEY
335	_HASMKEY
336	_HDLCHC
337	_HDLINP
338	_HDLUID
339	_HEXOPT
340	_HOWBUY
341	_HPKROU
342	_HUPALL
343	_IBM2ANS
344	_INIMSG
345	_INIPRF
346	_INISCN
347	_INJACR
348	_INJOTH
349	_INPLEN
350	_INPUT
351	_INSBTV
352	_INSTAT
353	_INT86
354	_INT86X
355	_INTDOS
356	_INTDOSX
357	_INVBTV
358	_IOCTL
359	_ISATTY
360	_ISFILN
361	_ISSELC
362	_ISSUPC
363	_ISTXVC
364	_ISUIDC
365	_ISUPLO
366	_ITOA
367	_KBHIT
368	_KEYHIT
369	_KEYNAM
370	_KILCHN
371	_KILCTR
372	_KILETC
373	_KILIPG
374	_KILOOP
375	_KILSRC
376	_KILUID
377	_L2AS
378	_LASAHDL
379	_LASCAN
380	_LASMHDL
381	_LASTWD
382	_LBLHUE
383	_LDEDCRD
384	_LINCST
385	_LINSUSD
386	_LISTING
387	_LIVEPH
388	_LLNBTV
389	_LNGOPT
390	_LNGRND
391	_LOADKEYS
392	_LOCATE
393	_LONGJMP
394	_LONSTF
395	_LOSCAR
396	_LSEEK
397	_LTOA
398	_MAINHDL
399	_MAKHDL
400	_MALLOC
401	_MARGC
402	_MARGN
403	_MARGV
404	_MAXTAGS
405	_MDFGETS
406	_MDSTATS
407	_MEMCATA
408	_MEMCMP
409	_MEMCPY
410	_MEMMOVE
411	_MEMSET
412	_MJRMB
413	_MKDIR
414	_MMUCRR
415	_MNUBB
416	_MNUOFF
417	_MODULE
418	_MONORCOL
419	_MORCNC
420	_MOVMEM
421	_MSGSCAN
422	_MSGSEEK
424	_MTGBAS
425	_MTGCHN
426	_MTGSTG
427	_NAMACLS
428	_NCDATE
429	_NCEDAT
430	_NCTIME
431	_NDEDCRD
432	_NKYREC
433	_NLINIU
434	_NMODS
435	_NOW
436	_NSEXPLOTO
437	_NTERMS
438	_NTFYSOPR
439	_NUMBYTS
440	_NUMFILS
441	_NUMOPT
442	_NXTCMD
443	_NXTLOF
444	_OBTBTV
445	_ODD
446	_ODEDCRD
447	_OMDBTV
448	_ONBBS
449	_ONSYS
450	_ONSYSN
451	_OPEN
452	_OPFILE
453	_OPINF
454	_OPNANS
455	_OPNBTV
456	_OPNMSG
457	_OTHKEY
458	_OTHUAP
459	_OTHUSN
460	_OTHUSP
461	_OTSTCRD
462	_OUTBSZ
463	_OUTPRF
464	_PACCIN
465	_PACCIT
466	_PADFLD
467	_PARSIN
468	_PFNLVL
469	_PLTILE
470	_POWPRF
471	_PRAT
472	_PRCRTK
473	_PREPFF
474	_PRF
475	_PRFBUF
476	_PRFMSG
477	_PRFPTR
478	_PRFSPD
479	_PRINTFAT
480	_PROFAN
481	_PROFF
482	_PSMATM
483	_PUTENV
484	_QNPBTV
485	_QRYBTV
486	_RAND
487	_RAWMSG
488	_RDEDCRD
489	_RDFILE
490	_REALLOC
491	_REDOLOCKS
492	_REGISTER_MODULE
493	_REGISTER_STASCN
494	_REGISTER_TEXTVAR
495	_REGSCN
496	_RENAME
497	_REPMEM
498	_REWIND
499	_RMDIR
500	_RMVKEY
501	_RMVWHT
502	_RSETOP
503	_RSMODE
504	_RSMODES
505	_RSTBTV
506	_RSTCHN
507	_RSTCUR
508	_RSTLAN
509	_RSTLOC
510	_RSTMBK
511	_RSTRIN
512	_RSTRXF
513	_RSTWIN
514	_RSTX25
515	_RTIHDLR
516	_RTKICK
517	_RTSTCRD
518	_SABBTV
519	_SAFPSW
520	_SAMEAS
521	_SAMEIN
522	_SAMETO
524	_SAMPOK
525	_SAYCRD
526	_SCBLANK
527	_SCN2AUX
528	_SCN2MAI
529	_SCNCOLOR
530	_SCNGOAWAY
531	_SCNIDS
532	_SEGREAD
533	_SELNUM
534	_SETBTV
535	_SETCNF
536	_SETCRIT
537	_SETDATE
538	_SETDTD
539	_SETFSD
540	_SETFTU
541	_SETJMP
542	_SETKEY
543	_SETMBK
544	_SETMEM
545	_SETTIME
546	_SETTND
547	_SETVBUF
548	_SETWIN
549	_SHOCHL
550	_SHOCST
551	_SHWCRD
552	_SHWUSR
553	_SKPWHT
554	_SKPWRD
555	_SND2AL
556	_SND2CH
557	_SOPEN
558	_SORTSTGS
559	_SPR
560	_SPRINTF
561	_SRAND
562	_SSCANF
563	_SSTATR
564	_STANSI
565	_STATUS
566	_STGOPT
567	_STIME
568	_STOP_POLLING
569	_STPBTV
570	_STRANSLEN
571	_STRCAT
572	_STRCHR
573	_STRCMP
574	_STRCPY
575	_STRDUP
576	_STRICMP
577	_STRIPB
578	_STRLEN
579	_STRLWR
580	_STRNCAT
581	_STRNCMP
582	_STRNCPY
583	_STRPLN
584	_STRSTR
585	_STRTOK
586	_STRTOL
587	_STRUPR
588	_STTBTV
589	_STZCPY
590	_SUBVERS
591	_SUPCHC
592	_SUPMB
593	_SV
594	_SV2
595	_SWTCLS
596	_SYSSTG
597	_TAGTHS
598	_TELL
599	_TIME
600	_TJOINROU
601	_TODAY
602	_TOKOPT
603	_TOLOWER
604	_TOUPPER
605	_TPWIPE
606	_TSHMSG
607	_TSTCRD
608	_TZSET
609	_UIDKEY
610	_UIDXRF
611	_UINSYS
612	_UISUSN
613	_ULTOA
614	_UNFREZ
615	_UNGETC
616	_UNIXTODOS
617	_UNLINK
618	_UNPAD
619	_UPDACC
620	_UPDBCKGND
621	_UPDBTV
622	_UPVBTV
624	_USAPTR
625	_USER
626	_USRACC
627	_USRIDX
628	_USRNUM
629	_USRPTR
630	_USRSON
631	_VALDPC
632	_VALIDIG
633	_VALIDYN
634	_VALPSW
635	_VALUPC
636	_VDAOFF
637	_VDAPTR
638	_VDAREA
639	_VDASIZ
640	_VDATMP
641	_VFYADN
642	_VIDALC
643	_VSPRINTF
644	_VSSCANF
645	_WTWAIT
646	_XLTCTLS
647	_XLTMNU
648	_XLTTXV
649	_XYRTRM
650	_YNOPT
651	_ZAFILID
652	_ZONKHL
653	DGROUP@
654	F_LDIV@
655	F_LMOD@
656	F_LUDIV@
657	F_LUMOD@
658	F_LXLSH@
659	F_LXMUL@
660	F_LXRSH@
661	F_LXURSH@
662	F_PADD@
663	F_PCMP@
664	F_PSUB@
665	F_SCOPY@
666	LDIV@
667	LMOD@
668	LUDIV@
669	LUMOD@
670	LXLSH@
671	LXMUL@
672	LXRSH@
673	LXURSH@
674	N_LDIV@
675	N_LMOD@
676	N_LUDIV@
677	N_LUMOD@
678	N_LXLSH@
679	N_LXMUL@
680	N_LXRSH@
681	N_LXURSH@
682	N_PADD@
683	N_PCMP@
684	N_PSUB@
685	PADD@
686	PCMP@
687	PSUB@
688	SCOPY@
689	SPMHALLOC
690	SPMHEXPAND
691	SPMHFREE
692	SPMHINIT
693	SPMHMOVE
694	_FND1ST
695	_FNDNXT
696	_FTFPSP
697	_DLKEYS
698	_LVCHAT
699	_ENTCHT
700	_RMTSYS
701	_PRINTF
702	_MTRUNI
703	_MTRINT
704	_MTRBUF
705	_GRPNUM
706	_MXBAUD
707	_GRTYPE
708	_MTRETV
709	_WHOMON
710	_FTFTCK
711	_FTSCOPE
712	_STPANS
713	_UACOFF
714	_HICHP1
715	_CHANTY
716	_CHANTN
717	_NUMCAT
718	_SYSKEY
719	_CHGTIME
720	_MMUATR
721	_ANSDIM
722	_VISPSW
724	_MAXCAT
725	_SVRATE
726	_DFTINJ
727	_NOALEN
728	_SKPANS
729	_INSDBZ
730	_MNUDNL
731	_CHMOD
732	_STARTV
733	_NGLOBS
734	_GLOBS
735	_HDLCON
736	BCC286_EXE
737	__8087
738	_FSTAT
739	_INEDIT
740	_STAHDL
741	_BB
742	_GDEDCRD
743	_NTSTCRD
744	_LTSTCRD
745	_GTSTCRD
746	_UHSKEY
747	_UHSMKEY
748	_HDLC25
749	_HDLNRG
750	_NCHANS
751	_MNUPAG
752	_GOMVEC
753	_TXTVARS
754	_STRNICMP
755	_REGISTER_PSEUDOK
756	_SCNPSK
757	_GENBB
758	_DELGEN
759	_OKBDAY
760	_NLINGO
761	_CLINGO
762	_LANGUAGES
763	_LNGFND
764	_CHGSPK
765	_CHGPRT
766	_ALG1ST
767	_ALGNXT
768	_TFSTATE
769	_TFSBUF
770	_TFSPST
771	_TFSFB
772	_TFSFP
773	_TFSOPN
774	_TFSRDL
775	_TFSPFX
776	_TFSDPR
777	_HDLRNG
778	_HDLCNC
779	_PRFBUFFERS
780	_PRFPOINTERS
781	_LINUSE
782	_INIMLT
783	_CLRMLT
784	_CKLONL
785	_OUTMLT
786	_PRFMLT
787	_PMLT
788	_MLTFLG
789	_GETGEN
790	_SETGEN
791	_GENBUF
792	_CNCLNG
793	_MAXCAND
794	_LNGLIST
795	_DSPMLT
796	_BADLANG
797	_POSLNG
798	_AUSTIM
799	_NUMCAND
800	_FSTCAND
801	_AUSWAIT
802	_NUMAUS
803	_LNGFOOT
804	_INIAUS
805	_REGAUTSNS
806	_BGNAUS
807	_PRCAUS
808	_SETBYPROT
809	_CNTCAND
810	_LNGPOSN
811	_ECHSEC
812	_SECCHR
813	_SAMEND
814	_FGETSTG
815	_GETDFT
816	_UIDARR
817	_PMCARE
818	_PMVALU
819	_HDLPMU
820	_ISPVIS
821	_FTHEAD
822	_FPRLOCK
823	_ARCDSC
824	_LINGYN
825	_EXTPTR
826	_OTHEXP
827	_EXTOFF
828	_KPAK
829	_KSEC
830	_KCHAR
831	_ECHTYP
832	_ALCTILE
833	_PTRTILE
834	_MKTEMP
835	_CHDIR
836	_GETCURDIR
837	_MEMCHR
838	_STPCPY
839	_STRNSET
840	_STRSET
841	_CREAT
842	_FCLOSEALL
843	_FREOPEN
844	__FSOPEN
845	_MEMCCPY
846	_MEMICMP
847	_MOVEDATA
848	_DUP
850	_ACCESS
859	_DUP2
860	_PFNPTR
861	_NTVARS
862	_HRTVAL
863	_GOODPTR
864	_GOODSTG
865	_LISTINGQ
866	_READ
867	_WRITE
868	_DISASTER
869	_RIPDFD
870	_RIPIDX
871	_AUTSCNS
872	_LGRFNT
873	_LGRSTY
874	_SMRFNT
875	_SMRSTY
878	_FSDRHD
879	_ALCBLOK
880	_PTRBLOK
881	_FLDPTR
882	_SHOFLD
883	_STRRCHR
884	F_SPUSH@
886	_COMMAS
887	_INITASK
888	_MFYTASK
889	_SNDRST
890	_DETFLG
891	_RIPMB
892	_TFSABT
893	_FNROOT
894	_FNWEXT
895	_RSVNAM
896	_GETFTIME
897	_SETFTIME
898	_CLSIZE
899	_DRVNUM
900	_CLFIT
901	_NUMBYTP
902	_HDEDCRD
903	_PTHOPT
904	_RLENBTV
905	_STZCAT
906	_AINSCB
907	_AINBEG
908	_AINCHR
909	_VERSION
910	_SELENG
911	_SYSLOD
912	_KYSBUF
913	_ANPBTVL
914	_SV3
915	_FTGDN1
916	_ALWAIT
917	___BASE
918	___TOP
919	___HINCR
920	_VALEXI
1000	_SWBUFS
1001	_HOBUFS
1002	_DMBUFS
1003	_MVIAD
1004	_HVIAD
1005	_HDLRST
1006	_BBSFVC
1008	_BBSDSC
1009	_MXMSSZ
1010	__DOS_CLOSE
1011	__DOS_OPEN
1012	_SETMODE
1013	_FTIME
1014	_SCANCH
1015	_GLOBALGO
1016	_PRFASC
1017	_DFTUID
1020	_LNGSWT
1021	_MONAME
1022	_NCUDNT
1023	_CHKUID
1024	_RELOG
1025	_DECUSR
1026	_DECUSN
1027	_DECUSP
1028	_DECUAP
1029	_DECCST
1030	_DECDFT
1031	_DECLOG
1032	_DECSUP
1033	_DECTDY
1034	_DECCAL
1035	_DEC15S
1036	_DECCRD
1037	_LONAUD
1038	_LONCDI
1039	_FNEXT
1040	_UL2AS
1041	_STRSTP
1042	_MEMSTP
1043	_MKDOSN
1044	_UNTAG
1045	_NUMFTG
1046	_RMVTAG
1048	_SYSCYC
1049	_CHNCYC
1050	_LSTUNM
1051	_NEWUNM
1052	_FIRSTWD
1053	_NEXTWD
1054	_RCDBAUD
1055	_SHOMAL
1056	_GRTSUB
1057	_NUMCDI
1058	_HDLRLG
1059	_LNGTCK
1060	_HDLZAP
1061	_TFCCHG
1062	_SYSTEM
1063	_SPAWNL
1064	_ERRNO
1065	_NUMONL
1066	_FSDCHI
1067	_HDLGPR
1068	_ACTDET
1069	_STRRPL
1070	_DELDIR
1071	_CNTDIRS
1072	_NUMDIRS
1073	_DELDIRERR
1074	_OUTATA
1075	_HDLSMP
1076	_CHKACC
1077	_CHKPSW
1078	_CNCBGW
1079	_NINGRP
1080	_BEG_PHASE
1081	_END_PHASE
1082	_RPTPHS
1083	_PSTPHS
1084	_UNIQFN
1085	_SDLLINFO
1086	_SHOSTACK
1087	_SFTRAK
1088	_SLTRAK
1089	_MXBAUDL
1090	_TFSPTH
1091	_MDMATZ
1092	_MDMBSY
1093	_MDMNAN
1094	_KEYSBB
1095	_GLOBGO
1180	_BBSCON
