1	F_SCOPY@
2	F_LXMUL@
3	F_LDIV@
4	F_LXLSH@
5	F_LXRSH@
6	F_LXURSH@
7	F_LMOD@
8	F_LUDIV@
9	F_LUMOD@
10	F_OVERFLOW@
11	_RPLBRK
20	_DFALGREC
21	_HRTVAL
22	_BTUTICKER
23	_PLTILE
24	_GALMOVMEM
25	_GALMOVMEMB
26	_HDLGPR
27	_VDAREA
30	___TOP
31	___HINCR
32	___BASE
33	__CTYPE
34	__EXITBUF
35	__EXITFOPEN
36	__EXITOPEN
37	__LOCALECONVENTION
38	__STREAMS
39	_ACCESS
40	_ATOL
41	_BTRSET
42	_CHMOD
43	_CLOCK
44	_CLOSE
45	_CLREOL
46	_CREATTEMP
47	_FCLOSE
48	_FFLUSH
49	_FGETC
50	_FGETS
51	_FOPEN
52	_FPRINTF
53	_FPUTC
54	_FPUTS
55	_FREAD
56	_FREE
57	_FSCANF
58	_FSEEK
59	_FTELL
60	_FTIME
61	_FWRITE
62	_ITOA
63	_LONGJMP
64	_MALLOC
65	_MEMCHR
66	_MEMCMP
67	_MEMCPY
68	_MEMMOVE
69	_MEMSET
70	_MOVMEM
71	_MKDIR
72	_MKTEMP
73	_MODF
74	_RENAME
75	_REWIND
76	_RMDIR
77	_SETJMP
78	_SETMEM
79	_SPRINTF
80	_SSCANF
81	_STPCPY
82	_STRCAT
83	_STRCHR
84	_STRCMP
85	_STRCPY
86	_STRDUP
87	_STRICMP
88	_STRLEN
89	_STRLWR
90	_STRNCAT
91	_STRNCMP
92	_STRNCPY
93	_STRRCHR
94	_STRSTR
95	_STRTOD
96	_STRTOK
97	_STRTOL
98	_STRUPR
99	_TIME
100	_TMPNAM
101	_TOLOWER
102	_TOUPPER
103	_ULTOA
104	_UNGETC
105	_UNLINK
106	_VSPRINTF
107	_GETENV
108	_STRNICMP
109	_RAND
110	_SRAND
111	_FSTAT
112	__STKLEN
113	_FNSPLIT
114	_STRSPN
200	_ABOSUP
201	_ABOUSCN
202	_ABOUTOS
203	_ABSDTDY
204	_ABTFND
205	_ACCACCT
206	_ACCBB
207	_ACCHDL
208	_ACCMCU
209	_ACCNSCN
210	_ACCTMP
211	_ACTDET
212	_ACTVSCN
213	_ACTVSCNSP
214	_ADD2ARR
215	_ADDANNO
216	_ADDANNOM
217	_ADDCRD
218	_ADDKYU
219	_ADDRES1
220	_ADDRES2
221	_ADDXRF
222	_AHDL
223	_AINBEG
224	_AINCHR
225	_AINSCB
226	_ALCBLOK
227	_ALCDUP
228	_ALCLNG
229	_ALCMEM
230	_ALCRSZ
231	_ALCZER
232	_ALG1ST
233	_ALGNXT
234	_ALLDGS
235	_ALLHEX
236	_ALMMMX
237	_ALTLNM
238	_ALWAIT
239	_ANNOHDL
240	_ANNOMEM
241	_ANSDIM
242	_ANSION
243	_ANSSTG
244	_APCLOS
245	_APFIN
246	_APINID
247	_APINIT
248	_APPLYEM
249	_APPUMP
250	_APRCVP
251	_APSINI
252	_ARCDSC
253	_ARCHEADFDA
254	_AREAPTR
255	_ARRBAS
256	_ARRELEM
257	_ASCHUP
258	_ASKTBL
259	_ASTMODE
260	_ASTRPTFIL
261	_ATBPTR
262	_ATMESS
263	_ATOGGL
264	_ATPTRS
265	_AUD1ST
266	_AUDBB
267	_AUDHDL
268	_AUDISCN
269	_AUDLON
270	_AUTSCNS
271	_AUXCRT
272	_AUXIST
273	_AUXUPS
274	_AXSCHG
275	_B2CCPY
276	_B2CCVT
277	_BACKHDL
278	_BADLANG
279	_BARGPH
280	_BAUDAT
281	_BBSCON
282	_BBSDSC
283	_BBSFVC
284	_BBSTTL
285	_BEG_PHASE
286	_BEGIN_POLLING
287	_BELPER
288	_BGNAUS
289	_BGNCNC
290	_BGNEDT
291	_BGNFND
292	_BGNLOF
293	_BGPERC
294	_BGPOS
295	_BIGDIGIT
296	_BUFSIZE
297	_BYENDL
298	_BYENOW
299	_C2BCPY
300	_C2BCVT
301	_CALLINITS
302	_CATACT
303	_CATAEXIT
304	_CATASTRO
305	_CATFIX1
306	_CATFIX2
307	_CATRPT
308	_CATVEC
309	_CENTURY
310	_CHANNEL
311	_CHARFDA
312	_CHARSFDA
313	_CHGHOUR
314	_CHGMIN
315	_CHGPRT
316	_CHGSPK
317	_CHGTIME
318	_CHKACC
319	_CHKDFT
320	_CHKPSW
321	_CHKUID
322	_CHNCYC
323	_CHNEMD
324	_CHOOSE
325	_CHOOUT
326	_CHOOWD
327	_CHROPT
328	_CKLONL
329	_CLFILE
330	_CLFIT
331	_CLINGO
332	_CLRINP
333	_CLRMLT
334	_CLRPRF
335	_CLRXRF
336	_CLSACC
337	_CLSAVE
338	_CLSBB
339	_CLSGDP
340	_CLSHEAD
341	_CLSIZE
342	_CLSLNK
343	_CLSMNU
344	_CLSMSG
345	_CLSMSGRDR
346	_CLSPOOL
347	_CLSPTR
348	_CLSSYSINF
349	_CLSVID
350	_CMTLEN
351	_CMTPTR
352	_CNCALL
353	_CNCCHR
354	_CNCHEX
355	_CNCINT
356	_CNCLNG
357	_CNCLON
358	_CNCNUM
359	_CNCUID
360	_CNCWRD
361	_CNCYESNO
362	_CNTCAND
363	_CNTDIR
364	_CNTDIRS
365	_CNTSUP
366	_CNVC2S
367	_CNVD2S
368	_CNVS2C
369	_CNVS2D
370	_COFDAT
371	_COLOR
372	_COMMAS
373	_COMPANY
374	_CONDEX
375	_CONHDL
376	_CONUPD
377	_COPYFILE
378	_CPYKEY
379	_CPYUTL
380	_CR3TAB
381	_CRC16
382	_CRC32
383	_CRCTAB
384	_CRDUSR
385	_CRTCLASS
386	_CSBUMP
387	_CSPAGEROU
388	_CSVCRR
389	_CTRLBRK
390	_CUR2SAV
391	_CURATR
392	_CURCHC
393	_CURCURS
394	_CURCURX
395	_CURCURY
396	_CURDLLS
397	_CURFN
398	_CURMBK
399	_CUROS
400	_CURREQ
401	_CURSACT
402	_CURSIZ
403	_CURUSR
404	_CVTBUFSIZ
405	_CVTDATA
406	_CVTDATAIP
407	_CVTREGISTER
408	_CVTSCN
409	_CVTTMP
410	_CYCLEME
411	_D2VDAT
412	_DATAPH
413	_DATOFC
414	_DAYTODAY
415	_DBYTES
416	_DCDATE
417	_DCLANNO
418	_DCLMRQ
419	_DCLVDA
420	_DCTIME
421	_DECCST
422	_DECUSN
423	_DECUSP
424	_DECUSR
425	_DEDCRD
426	_DELACCT
427	_DELDIR
428	_DELDIRERR
429	_DELGEN
430	_DELXRF
431	_DEPAD
432	_DETFLG
433	_DFAABS
434	_DFAABTTRANS
435	_DFAACQABSLOCK
436	_DFAACQLOCK
437	_DFAACQNPLOCK
438	_DFABEGTRANS
439	_DFACLOSE
440	_DFACOUNTREC
441	_DFACREATE
442	_DFADELETE
443	_DFAENDTRANS
444	_DFAGETABSLOCK
445	_DFAGETLOCK
446	_DFAINSERT
447	_DFAINSERTDUP
448	_DFAINSERTV
449	_DFALASTLEN
450	_DFAMODE
451	_DFAOPEN
452	_DFAQUERY
453	_DFAQUERYNP
454	_DFARECLEN
455	_DFARSTBLK
456	_DFASETBLK
458	_DFASTEPLOCK
459	_DFASTOP
460	_DFAUNLOCK
461	_DFAUPDATE
462	_DFAUPDATEDUP
463	_DFAUPDATEV
464	_DFAVIRGIN
465	_DFAWASLOCKED
466	_DFLTMSCN
467	_DFSTHN
468	_DFTANS
469	_DFTBEL
470	_DFTINJ
471	_DFTPFN
472	_DIGALW
473	_DIGIT2X5
474	_DIGITS2X3
475	_DIGITS2X3B
476	_DIGITS3X3
477	_DIRHEADFDA
478	_DISASTER
479	_DISPAG
480	_DLAHDL
481	_DLAVAI
482	_DLCLOS
483	_DLDPTR
484	_DLFIN
485	_DLINIT
486	_DLKEYS
487	_DLLOCK
488	_DLLOKD
489	_DLOUTP
490	_DLPUMP
491	_DLRECV
492	_DLSINI
493	_DLTCLS
494	_DLUNLK
495	_DMBUFS
496	_DOADITBX
497	_DOUBLEFDA
498	_DOUBLESFDA
499	_DOVECS
500	_DPKWVFDA
501	_DSCHDL
502	_DSKFRE
503	_DSPACT
504	_DSPCHC
505	_DTRACK
506	_DWOPR
507	_ECHON
508	_ECHONU
509	_ECHSEC
510	_EDTCHC
511	_EDTIMR
512	_EDTPFN
513	_EDTVAL
514	_EDTVALC
515	_EHDL
516	_EMDISP
517	_EMFUL
518	_EMFUSCN
519	_EMHHUE
520	_EMLSDROU
521	_EMTHUE
522	_EMUBEL
523	_EMUCHN
524	_EMULSCN
525	_EMULUPD
526	_ENAPAG
527	_END_PHASE
528	_ENDCNC
529	_ENDCDRFDA
530	_ENDLOPR
531	_ENDSUP
532	_ENTCHT
533	_ENTLSE
534	_ENTMDL
535	_ERRAID
536	_ERRCOD
537	_EURMSK
539	_EXICNC
540	_EXIMOD
541	_EXPLODE
542	_EXPLODEM
543	_EXPLODETO
544	_FASADD
545	_FBLENG
546	_FFINHDL
547	_FGETSTG
548	_FIL1STLST
549	_FILEPARTS
550	_FILEUP
551	_FILHEADFDA
552	_FILINFFDA
553	_FILNXTLST
554	_FILSPCLST
555	_FINDKEY
556	_FINDMOD
557	_FINDSTG
558	_FINDTVAR
559	_FINHDL
560	_FINSHO
561	_FINSUP
562	_FIRSTWD
563	_FIXPTH
564	_FLDPTR
565	_FLOATFDA
566	_FLOATSFDA
567	_FMTX3
568	_FND1ST
569	_FNDCLS
570	_FNDNXT
571	_FNMCSE
572	_FORREAL
573	_FPRLOCK
574	_FREEKEY
575	_FSDANS
576	_FSDAPR
577	_FSDBD1
578	_FSDBDF
579	_FSDBDN
580	_FSDBKG
581	_FSDDAN
582	_FSDDSP
583	_FSDEGO
584	_FSDEMG
585	_FSDENT
586	_FSDFXT
587	_FSDINC
588	_FSDINI
589	_FSDLIN
590	_FSDMAN
591	_FSDNAN
592	_FSDNFY
593	_FSDOBA
594	_FSDORD
595	_FSDOUC
596	_FSDOUS
597	_FSDPAN
598	_FSDPPC
599	_FSDPRC
600	_FSDQDP
601	_FSDQOE
602	_FSDRHD
603	_FSDRFT
604	_FSDROOM
605	_FSDSAN
606	_FSDSCB
607	_FSDUSR
608	_FSDXAN
609	_FSTCAND
610	_FSTCHC
611	_FTFABT
612	_FTFACT
613	_FTFBUF
614	_FTFCAN
615	_FTFCBL
616	_FTFCIB
617	_FTFCLI
618	_FTFCLO
619	_FTFINB
620	_FTFINBC
621	_FTFINC
622	_FTFNEW
623	_FTFNWP
624	_FTFOBA
625	_FTFOMT
626	_FTFOUS
627	_FTFOUT
628	_FTFPSP
629	_FTFRCA
630	_FTFRCL
631	_FTFREX
632	_FTFROP
633	_FTFRSK
634	_FTFRSQ
635	_FTFRWB
636	_FTFRWR
637	_FTFSCB
638	_FTFSRT
639	_FTFSTF
640	_FTFTCK
641	_FTFXCA
642	_FTFXCL
643	_FTFXLK
644	_FTFXOP
645	_FTFXRB
646	_FTFXRD
647	_FTFXRL
648	_FTFXSK
649	_FTFXSQ
650	_FTFZER
651	_FTGDN1
652	_FTGDNL
653	_FTGNEW
654	_FTGPTR
655	_FTGSBM
656	_FTGUSR
657	_FTHEAD
658	_FTPASR
659	_FTPASX
660	_FTPKMR
661	_FTPKMX
662	_FTPLOGH
663	_FTPLSX
664	_FTPVEW
665	_FTPX1R
666	_FTPX1X
667	_FTPXCR
668	_FTPXCX
669	_FTPXMR
670	_FTPXMX
671	_FTPYBR
672	_FTPYBX
673	_FTPYGR
674	_FTPYGX
675	_FTPZMR
676	_FTPZMX
677	_FTPZRX
678	_FTSCOPE
679	_FTUPTR
680	_FULALW
681	_FUPKIL
682	_GALASTFAIL
683	_GALFREE
684	_GALMALLOC
685	_GCDELAY
686	_GCFSOPEN
687	_GCS2CS
688	_GCSASC
689	_GCSMB
690	_GCSPAUS
691	_GCSPHUP
692	_GCSPLAS
693	_GCSPLON
694	_GCSPRST
695	_GDEDCRD
696	_GDPBB
697	_GEN_HASKEY
698	_GENBB
699	_GENBUF
700	_GETFILEGMT
701	_GETFILETM
702	_GETMSGBLK
703	_GETASC
704	_GETCHC
705	_GETDFT
706	_GETGEN
707	_GETLST
708	_GETRNO
709	_GETVAL
710	_GETVALBUF
711	_GIVKEY
712	_GLBKEY
713	_GLBKEYI
714	_GLOBALCMD
715	_GLOBALGO
716	_GLOBS
717	_GMDNAM
718	_GMKDIR
719	_GMTIDX
720	_GNUMDB
721	_GOMVEC
722	_GOODBLK
723	_GOODCPTR
724	_GOODPTR
725	_GOODSTG
726	_GOPAGE
727	_GPAGINT
728	_GPBOOT
729	_GPHDLR
730	_GPIROU
731	_GPRINTF
732	_GPSLMT
733	_GREQID
734	_GRPNUM
735	_GRTYPE
736	_GTSTCRD
737	_GVBUST
738	_HANGUPS
739	_HASAXS
740	_HASKEY
741	_HASKNO
742	_HASMKEY
743	_HDEDCRD
744	_HDLC25
745	_HDLCHC
746	_HDLCNC
747	_HDLINP
748	_HDLPMU
749	_HDLRLG
750	_HDLRST
751	_HDLSMP
752	_HDLUID
753	_HDLZAP
754	_HEXOPT
755	_HICHP1
756	_HLPBUF
757	_HLPHDL
758	_HLPSCN
759	_HOBUFS
760	_HOOK_ANNOUNCE
761	_HOOK_CLEANUP
762	_HOOK_CONNECT
763	_HOOK_DELACCT
764	_HOOK_DISCONNECT
765	_HOOK_FINALSHUTDOWN
766	_HOOK_SHUTDOWN
767	_HOWBUY
768	_HUPALL
769	_HVIAD
770	_IBM2ANS
771	_ICEHEADFDA
772	_ILINGO
773	_IMBUMP
774	_IMDROP
775	_IMONORCOL
776	_INCUSR
777	_INEDIT
778	_INFSDHUP
779	_INIACC
780	_INIARIP
781	_INIAUD
782	_INIAUS
783	_INIDST
784	_INIFSD
785	_INIFTF1
786	_INIFTF2
787	_INIGCSP
788	_INIGENAGT
789	_INIKYS
790	_INILINGO
791	_INILOPR
792	_INIMLT
793	_INIMNU
794	_INIMSG
795	_INIMSGRDR
796	_INIPOOL
797	_INIPRF
798	_INIRMDL
799	_INISCN
800	_INISHO
801	_INISHO2
802	_INISUP
803	_INISYSAGT
804	_INITASK
805	_INITVID
806	_INJACR
807	_INJOTH
808	_INPLEN
809	_INPUT
810	_INVBEL
811	_ISBIGEND
812	_ISERRF
813	_ISFILN
814	_ISFXVAL
815	_ISMYREQ
817	_ISRUNPGM
818	_ISSELC
819	_ISSUPC
820	_ISTXVC
821	_ISUIDC
822	_ISVALDN
823	_ISVALDS
824	_ISVALFC
825	_ISVALFN
826	_ISWRITE
827	_ITEMCNT
828	_ITEMCNTD
829	_ITEMIDX
830	_ITEMIDXD
831	_JMP2CHC
832	_KEYHIT
833	_KEYNAM
834	_KEYSBB
835	_KILCHN
836	_KILCTR
837	_KILIPG
838	_KILOOP
839	_KILSRC
840	_KILUID
841	_KYSBUF
842	_L2AS
843	_LANGCHG
844	_LANGUAGES
845	_LASCAN
846	_LASTWD
847	_LDEDCRD
848	_LINCST
849	_LINGYN
850	_LINUSE
851	_LISTING
852	_LITOPTS
853	_LIVEPH
854	_LNGFND
855	_LNGFOOT
856	_LNGHEAD
857	_LNGLIST
858	_LNGOPT
859	_LNGPOSN
860	_LNGSET
861	_LNGTAIL
862	_LNGTCK
863	_LNGVAL
864	_LOADACC
865	_LOADKEYS
866	_LOADTV
867	_LOADUP
868	_LOBUF
869	_LOCATE
870	_LOCKBIT
871	_LOKNAM
872	_LONAUD
873	_LONCDI
874	_LONGFDA
875	_LONGSFDA
876	_LONSTF
877	_LOOKUP_DPKFDA
878	_LOSCAR
879	_LOTYPE
880	_LOW_HASKEY
881	_LSEHDL
882	_LSESSCN
883	_LSESUPD
884	_LSFXVAL
885	_LTSTCRD
886	_LUPAPP
887	_LVCHAT
888	_MAINHDL
889	_MAKHDL
890	_MARGC
891	_MARGN
892	_MARGV
893	_MAXCAND
894	_MAXCAT
895	_MAXFLD
896	_MAXLNM
897	_MAXPOL
898	_MAXSCNS
899	_MAXSPD
900	_MAXTAGS
901	_MBDONE
902	_MBSTK
903	_MCUHDL
904	_MCUHR
905	_MCVPATH
906	_MDFGETS
907	_MDFODMD
908	_MDMATZ
909	_MDMBSY
910	_MDMNAN
911	_MDSTATS
912	_MEM2SCN
913	_MEMCATA
914	_MEMSTP
915	_MENUPG
916	_MFYTASK
917	_MHDL
918	_MJRMB
919	_MKDOSN
920	_MLTFLG
921	_MMUATR
922	_MMUCRR
923	_MNUBB
924	_MNUDNL
925	_MNUOFF
926	_MNUUSR
927	_MODULE
928	_MONAME
929	_MONASCN
930	_MONORCOL
931	_MORCNC
932	_MORSUP
933	_MOVEFILE
934	_MRQOFF
935	_MRQPTR
936	_MRQSIZ
937	_MSGBUF
938	_MSGHDL
939	_MSGNAM
940	_MSGSCAN
941	_MSGSEEK
942	_MSLIDX
943	_MSTSCAN
944	_MSYSID
945	_MTRLNG
946	_MULMTH
947	_MULTSK
948	_MVIAD
949	_MXBAUDL
950	_MXMSSZ
951	_NAMACLS
952	_NAMAPP
953	_NAMCRC
954	_NAMDFT
955	_NAMPTR
956	_NAMTMP
957	_NCDATE
958	_NCEDAT
959	_NCTIME
960	_NCUDNT
961	_NDEDCRD
962	_NEEDUPC
963	_NEWARR
964	_NEWGENAGT
965	_NEWPOOL
966	_NEXTWD
967	_NGLOBS
968	_NINARR
969	_NKYREC
970	_NLINGO
971	_NLINIU
972	_NMODS
973	_NOALEN
974	_NORMSPEC
975	_NOW
976	_NRECCL
977	_NSEXPLOTO
978	_NSLATR
979	_NTERMS
980	_NTFYSOPR
981	_NTSTCRD
982	_NUMAUS
983	_NUMBYTP
984	_NUMBYTS
985	_NUMCAND
986	_NUMCAT
987	_NUMCDI
988	_NUMCLS
989	_NUMDIRS
990	_NUMFILS
991	_NUMONL
992	_NUMOPT
993	_NXTCMD
994	_NXTINK
995	_ODEDCRD
996	_OESROU
997	_OK2WRITE
998	_OKBDAY
999	_ONBBS
1000	_ONSYS
1001	_ONSYSN
1002	_OPFILE
1003	_OPNANS
1004	_OPNGDP
1005	_OPNMSG
1006	_OPNSYSINF
1007	_OSVERSN
1008	_OTHKEY
1009	_OTHTRM
1010	_OTHUAP
1011	_OTHUSN
1012	_OTHUSP
1013	_OTSTCRD
1014	_OUTBSZ
1015	_OUTMLT
1016	_OUTPRF
1017	_PACCIT
1018	_PADFLD
1019	_PAGCSTG
1020	_PAGEROU
1021	_PAGESET
1022	_PAGSTT
1023	_PARSIN
1024	_PASCRIT
1025	_PFBSIZ
1026	_PFCEIL
1027	_PFNLVL
1028	_PFNPTR
1029	_PHAVAI
1030	_PHERRF
1031	_PHINBW
1032	_PHINPU
1033	_PHOSIZ
1034	_PHOUTP
1035	_PHTCKR
1036	_PINSTD
1037	_PMCARE
1038	_PMLT
1039	_PMVALU
1040	_POSLNG
1041	_POWPRF
1042	_PRAT
1043	_PRCAUS
1044	_PRCRTK
1045	_PRCTASK
1046	_PREPFF
1047	_PRF
1048	_PRFASC
1049	_PRFBUF
1050	_PRFBUFFERS
1051	_PRFMLT
1052	_PRFMSG
1053	_PRFPOINTERS
1054	_PRFPTR
1055	_PRINTFAT
1056	_PRNDAT
1057	_PRNDAY
1058	_PRNTIM
1059	_PROFAN
1060	_PROFF
1061	_PROTINIT
1063	_PSMATMS
1064	_PSTPHS
1065	_PTHOPT
1066	_PTRBLOK
1067	_PUT2SCN
1068	_PUTVAL
1069	_QROOM
1070	_R2RGDP
1071	_R2RPRF
1072	_R2WPRF
1073	_RAWMSG
1074	_RDEDCRD
1075	_RDFILE
1076	_RDFP
1077	_RDMSG
1078	_READGDPEQ
1079	_READGDPGT
1080	_READGDPLT
1081	_RECENTS
1082	_REDOLOCKS
1083	_REFLOW
1084	_REGAUTSNS
1085	_REGISTER_AGENT
1086	_REGISTER_DPKFDA
1087	_REGISTER_MODULE
1088	_REGISTER_PSEUDOK
1089	_REGISTER_STASCN
1090	_REGISTER_TEXTVAR
1091	_REGSCN
1092	_REJECTREQ
1093	_REPMEM
1094	_RIPCLS
1095	_RIPDFD
1096	_RIPIDX
1097	_RIPMB
1098	_RLINGO
1099	_RMTSYS
1100	_RMVKEY
1101	_RMVWHT
1102	_RPTPHS
1103	_RQDPTR
1104	_RSETOP
1105	_RSMODE
1106	_RSMODES
1107	_RSP2READ
1108	_RSP2WRITE
1109	_RSPTIM
1110	_RSPTMP
1111	_RSTCHN
1112	_RSTCUR
1113	_RSTLOC
1114	_RSTMBK
1115	_RSTRIN
1116	_RSTRXF
1117	_RSTWIN
1118	_RSVAREA
1119	_RSVNAM
1120	_RSYFAD_HOOK
1121	_RTEXTFDA
1122	_RTIHDLR
1123	_RTKICK
1124	_RTKOFF
1125	_RTSTCRD
1126	_RZVBSTGFDA
1127	_S2AAHDL
1128	_S2CAPP
1129	_S2CSHDL
1130	_S2VDAT
1131	_SACHAR
1132	_SAFPSW
1133	_SALINGO
1134	_SAMEAS
1135	_SAMEIN
1136	_SAMEND
1137	_SAMEPATU
1138	_SAMETO
1139	_SAMPKY
1140	_SAMPLN
1141	_SAPADV
1142	_SAPDWN
1143	_SAPECB
1144	_SAPFDN
1145	_SAPFIN
1146	_SAPISIZ
1147	_SAPITZ
1148	_SAPMIN
1149	_SAPOSIZ
1150	_SAPPRC
1151	_SAPSTS
1152	_SAUNMU
1153	_SAVEPAGE
1154	_SAVUSR
1155	_SAWCLAN
1156	_SAYCRD
1157	_SCANALT
1158	_SCANCH
1159	_SCBLANK
1160	_SCBMAX
1161	_SCN2AUX
1162	_SCN2MAI
1163	_SCN2MEM
1164	_SCN2SCN
1165	_SCNCOLOR
1166	_SCNGETC
1167	_SCNGOAWAY
1168	_SCNIDS
1169	_SCNMDF
1170	_SCNPSK
1171	_SCNPUTC
1172	_SCNPUTW
1173	_SDLLINFO
1174	_SEC2SAV
1175	_SECCHR
1176	_SELATR
1177	_SENDDPK
1178	_SETFILEGMT
1179	_SETFILETM
1180	_SETATR
1181	_SETBBYE
1182	_SETBYPROT
1183	_SETCNF
1184	_SETCRIT
1185	_SETFTU
1186	_SETGEN
1187	_SETMBK
1188	_SETPFN
1189	_SETWIN
1190	_SFTRAK
1191	_SGNUSZ
1192	_SHDL
1193	_SHOCHL
1194	_SHOCHL_HOOK
1195	_SHOCST
1196	_SHOFLD
1197	_SHOMAL
1198	_SHOMAL_HOOK
1199	_SHORTFDA
1200	_SHORTM
1201	_SHORTSFDA
1202	_SHTSET
1203	_SHTVAL
1204	_SHWCRD
1205	_SHWUSR
1206	_SIGNUP
1207	_SINCEBL
1208	_SIZMEM
1209	_SKCIPG
1210	_SKPANS
1211	_SKPTWHT
1212	_SKPWHT
1213	_SKPWRD
1214	_SLTRAK
1215	_SND2AL
1216	_SND2CH
1217	_SNDRST
1218	_SNDSAP
1219	_SNUMDB
1220	_SOPAUD
1221	_SORTSTGS
1222	_SPAGESET
1223	_SPR
1224	_STAHDL
1225	_STANSI
1226	_STARIT
1227	_STARTV
1228	_STATSCN
1229	_STATUS
1230	_STDCHK
1231	_STDMCHK
1232	_STFEXT
1233	_STGIDX
1234	_STGOPT
1235	_STLCAT
1236	_STLCPY
1237	_STOP_POLLING
1238	_STP4CS
1239	_STPANS
1240	_STPPFX
1241	_STRINS
1242	_STRIPB
1243	_STRPLN
1244	_STRRPL
1245	_STRSREP
1246	_STRSTP
1247	_STTHUE
1248	_STZCAT
1249	_STZCPY
1250	_SUBVERS
1251	_SUPAPPID
1252	_SUPCHC
1253	_SUPDFTS
1254	_SUPHUP
1255	_SUPMB
1256	_SV
1257	_SV2
1258	_SV3
1259	_SVRATE
1260	_SWBUFS
1261	_SWTCLS
1262	_SWTCLS_HOOK
1263	_SYSCYC
1264	_SYSKEY
1265	_SYSLOAD
1266	_SYSLOD
1267	_SYSREC
1268	_SYSSTG
1269	_TDREMV
1270	_TFCCHG
1271	_TFSABT
1272	_TFSBUF
1273	_TFSDPR
1274	_TFSFB
1275	_TFSOPN
1276	_TFSPFX
1277	_TFSPST
1278	_TFSPTH
1279	_TFSRDL
1280	_TFSTATE
1281	_TJOINROU
1282	_TODAY
1283	_TOKOPT
1284	_TPWIPE
1285	_TRAVAI
1286	_TRCLAP
1287	_TRCLOS
1288	_TRDPTR
1289	_TRFIN
1290	_TRINAP
1291	_TRINIT
1292	_TROUTP
1293	_TRPUMP
1294	_TRRCVP
1295	_TRSINI
1296	_TSHMSG
1297	_TSTCRD
1298	_TXTBUF
1299	_TXTVARS
1300	_UACOFF
1301	_UDWRAP
1302	_UHSKEY
1303	_UHSMKEY
1304	_UIDARR
1305	_UIDKEY
1306	_UIDXRF
1307	_UIDXST
1308	_UIEKYTBL
1309	_UINSYS
1310	_UINTFY
1311	_UISUSN
1312	_UL2AS
1313	_ULNGSET
1314	_ULNGVAL
1315	_UNDWIN
1316	_UNIQFN
1317	_LL_UNIQFN
1318	_UNPACK
1319	_UNPAD
1320	_UNRAREA
1321	_UNSAVSCNS
1322	_UNTAG
1323	_UPDACC
1324	_UPDBCKGND
1325	_UPDCAL
1326	_USAPTR
1327	_USDPTR
1328	_USHTSET
1329	_USHTVAL
1330	_USRCHL
1331	_USRFLAGS
1332	_USRIDX
1333	_USRNUM
1334	_USROFF
1335	_USRPTR
1336	_USSHDL
1337	_USSSCN
1338	_V2DDAT
1339	_V2DTIM
1340	_V2SDAT
1341	_V2STIM
1342	_VALDPC
1343	_VALIDIG
1344	_VALIDYN
1345	_VALLON
1346	_VALPSW
1347	_VALSIZ
1348	_VALUID
1349	_VALUPC
1350	_VDAOFF
1351	_VDAPTR
1352	_VDASIZ
1353	_VDATMP
1354	_VERSION
1355	_VFYADN
1356	_VIDMOV
1357	_VISBEL
1358	_VISPSW
1359	_VTMSEND
1360	_VTMSNDOK
1361	_WCMATCH
1362	_WGINIT
1363	_WHOMON
1364	_WRITEGDP
1365	_XFRFIL
1366	_XLTCTLS
1367	_XLTTXV
1368	_XRFBB
1369	_YNOPT
1370	_ZAFILID
1371	_ZAPTBL
1372	_ZOOHEADFDA
1373	_ZTZONE
1374	_ZVBSTGFDA
1375	_OUTATA
1376	_HDLRNG
1377	_HDLCON
1378	_HDLNRG
1382	_REGISTERDSMODULE
1383	_DSNEGOUT
1384	_DSNEGDONE
1385	__FPURE_ERROR_
1386	___INITEXCEPTBLOCK
1387	@$BDELE$QNV
1388	@$BNEW$QUI
1389	@$BNWA$QUI
1390	@__GETPOLYMORPHICDTCFAR$QNVUI
1391	@ENDL$QM7OSTREAM
1392	@FILEBUF@0$BCTR$QV
1393	@FILEBUF@0$BDTR$QV
1394	@FILEBUF@0OVERFLOW$QI
1395	@FILEBUF@0SEEKOFF$QL12IOS@SEEK_DIRI
1396	@FILEBUF@0SETBUF$QNCI
1397	@FILEBUF@0SYNC$QV
1398	@FILEBUF@0UNDERFLOW$QV
1399	@IOS@0$BDTR$QV
1400	@OSTREAM@0$BCTR$QN9STREAMBUF
1401	@OSTREAM@0$BDTR$QV
1402	@OSTREAM@0$BLSH$QL
1403	@OSTREAM@0FLUSH$QV
1404	@OSTREAM@0OUTSTR$QNXCT1
1405	@STREAMBUF@0$BCTR$QV
1406	@STREAMBUF@0$BDTR$QV
1407	@STREAMBUF@0DO_SGETN$QNCI
1408	@STREAMBUF@0DO_SPUTN$QNXCI
1409	@STREAMBUF@0DOALLOCATE$QV
1410	@STREAMBUF@0OVERFLOW$QI
1411	@STREAMBUF@0PBACKFAIL$QI
1412	@STREAMBUF@0SEEKOFF$QL12IOS@SEEK_DIRI
1413	@STREAMBUF@0SEEKPOS$QLI
1414	@STREAMBUF@0SETBUF$QNCI
1415	@STREAMBUF@0SETP$QNCT1
1416	@STREAMBUF@0SYNC$QV
1417	@STREAMBUF@0UNDERFLOW$QV
1418	_CVTTYPE
1419	_CVTFLAGS
1420	_CVTCHAN
1421	_SCANMEM
1422	_SCANSTG
1423	_LNGSWT
1424	_DECUAP
1425	_DECDFT
1426	_DECLOG
1427	_DECSUP
1428	_DECTDY
1429	_DECCAL
1430	_DEC15S
1431	_DECCRD
1432	_NPKEYS
1433	_PKEYS
1434	_CHANTY
1435	_ENAIRP
1436	_DSAIRP
1437	_HOOK_SWT2AA
1438	_HOOK_SWT2CS
1439	_GRTSUB
1440	_ECHTYP
1441	_RCDBAUD
1442	_AUSWAIT
1443	_BDSPEC
1444	_PSMATM
1445	_USRSON
1446	_NINGRP
1447	_KILETC
1448	_MTRETV
1449	_MTRINT
1450	_MTRUNI
1451	_MTRBUF
1452	_GENRDN
1453	_LNGRND
1454	_MTGSTG
1455	_MTGCHN
1456	_MTGBAS
1457	_INSTAT
1458	_REPACK
1459	_MINUID
1460	_MINPWD
1461	_VALUPSW
1462	_AGENTS
1463	_CLISRV
1464	_MMAPPID
1465	_USRDAT
1466	_NAGENTS
1467	_NTVARS
1468	_ALCVDA
1469	_NUMDLLS
1470	_MAXDLLS
1471	_DLLS
1472	_INITDLLS
1473	_CALCAGE
1474	_GLOBGO
1475	_GRBTXV
1476	_VALEXI
1477	_COPYUSER
1478	_NUMLICCDI
1479	_REQPSW
1480	_GREET
1481	_UIDPMT
1482	_FNDFILE
1483	_ISDIR
1484	_ISFILE
1485	_ALWSUP
1486	_CHKAUID
1487	_PARSEPAGECMDROU
1488	_HDLPAGECMDROU
1489	_SETPAGEINTROU
1490	_PAGESHOWROU
1491	_IGNOREPAGEROU
1492	_ALLOWPAGEROU
1493	_PAGEIGNOREDROU
1494	_PAGEKEY
1495	_NOIGNKEY
1496	_DFTPOP
1497	_DEFPGINT
1499	_PAGEPTR
1500	_PAGEMB
1501	_PAGELOGON
1502	_PAGEHUP
1503	_PAGEDEL
1504	_UIDCAPS
1505	_TLCINVISROU
1506	_CFGGETSTR
1507	_CFGSETSTR
1508	_CFGMERGE
1509	_MAKEPATH
1510	_BINSEARCH
1511	_BINFINDNEAR
1512	_STRMOVE
1513	_NEXTLINE
1514	_HEXVAL
1515	_HEXDIG
1516	_FREBLOK
1517	_DFACREATESPEC
1518	_AUDFOPEN
1519	_AUDFCLOSE
1520	_AUDFRECOVER
1521	_AUDFNUMRECS
1522	_AUDFADDENTRY
1523	_AUDFVADDENTRY
1524	_AUDFREADENTRY
1525	_AUDFFINDENTRYDOS
1526	_AUDFFINDENTRYSTR
1527	_AUDFREADOLDSTYLE
1528	_AUDFCHANNELSTR
1529	_AUDFFORMATENTRY
1530	_AUDFCVTRAWTOENTRY
1531	_AUDFCVTENTRYTOOLD
1532	_AUDFOPENLOWLEVEL
1533	_AUDFADDLOWLEVEL
1534	_AUDFREADLOWLEVEL
1535	_HAUDITTRAIL
1536	_LASTDAYOFMONTH
1537	_SDATEENCODE
1538	_STIMEENCODE
1539	_SDATEENCODEDOS
1540	_STIMEENCODEDOS
1541	_SDATEDECODE
1542	_STIMEDECODE
1543	_SDATEDECODEDOS
1544	_STIMEDECODEDOS
1545	_SDECODEDT
1546	_SDECODEDTDOS
1547	_NCDATEL
1548	_NCEDATL
1549	_V2SDATL
1550	_DIFYEAR
1551	_DIFDATE
1552	_ADDDAYSTODATE
1553	_VALIDDATE
1554	_VALIDTIME
1555	_PRNDATE
1556	_PRNTIME
1557	_DAYFROMDATE
1558	_STRMONTHS
1559	_STRDAYS
1560	_UPDACCU
1561	_FIXBIRTHDATE
1562	_STRBIRTHDATE
1563	_DATEDECODE
1564	_TIMEDECODE
1565	_VALIDDATEDOS
1566	_VALIDTIMEDOS
1567	_PAGEHOWMNYHOOK
1568	_CANPAGEHOOK
1569	_PAGEOUTPUTHOOK
1570	_PAGEPRSPOWHOOK
1571	_PAGEGETINFOHOOK
1572	_PAGELOADRECORD
1573	_PAGESAVERECORD
1574	_HOOK_CREATEACCT
1575	_HOOK_STARTUP
1576	_HCREATEACCTVECS
1577	_HSTARTUPVECS
1578	_INFSD
1579	_HDLBUMP
1580	_ACNMB
1581	_CSCHKUID
1582	_CSCHKPSW
1583	_INPOLR
1584	_LSTUNM
1585	_NEWUNM
1586	_STDPKS
1587	_GETSHORTNAME
1588	_XTOI
1589	_XTOL
1590	_PAGEROUUID
1591	_PAGESETUID
1592	_SPAGESETUID
1593	_GPIROUUID
1594	_HDLUSRSON
1595	_PAGEUSERMESSAGE
1596	_SENDSYSOPPAGE
1597	_SENDCONSOLE
1598	_PAGEGETINFONUM
