81	_stpcpy
200	_abosup
201	_abouscn
202	_aboutos
203	_absdtdy
204	_abtfnd
205	_accacct
206	_accbb
207	_acchdl
208	_accmcu
209	_accnscn
210	_acctmp
211	_actdet
212	_actvscn
213	_actvscnsp
214	_add2arr
215	_addanno
216	_addannom
217	_addcrd
218	_addkyu
219	_addres1
220	_addres2
221	_addxrf
222	_ahdl
223	_ainbeg
224	_ainchr
225	_ainscb
226	_alcblok
227	_alcdup
228	_alclng
229	_alcmem
230	_alcrsz
231	_alczer
232	_alg1st
233	_algnxt
234	_alldgs
235	_allhex
236	_almmmx
237	_altlnm
238	_alwait
239	_annohdl
240	_annomem
241	_ansdim
242	_ansion
243	_ansstg
244	_apclos
245	_apfin
246	_apinid
247	_apinit
248	_applyem
249	_appump
250	_aprcvp
251	_apsini
252	_arcdsc
253	_archeadFDA
254	_areaptr
255	_arrbas
256	_arrelem
257	_aschup
258	_asktbl
259	_astmode
260	_astrptfil
261	_atbptr
262	_atmess
263	_atoggl
264	_atptrs
265	_aud1st
266	_audbb
267	_audhdl
268	_audiscn
269	_audlon
270	_autscns
271	_auxcrt
272	_auxist
273	_auxups
274	_axschg
275	_b2ccpy
276	_b2ccvt
277	_backhdl
278	_badlang
279	_bargph
280	_baudat
281	_bbscon
282	_bbsdsc
283	_bbsfvc
284	_bbsttl
285	_beg_phase
286	_begin_polling
287	_belper
288	_bgnaus
289	_bgncnc
290	_bgnedt
291	_bgnfnd
292	_bgnlof
293	_bgperc
294	_bgpos
295	_bigdigit
296	_bufsize
297	_byendl
298	_byenow
299	_c2bcpy
300	_c2bcvt
301	_callinits
302	_catact
303	_cataexit
304	_catastro
305	_catfix1
306	_catfix2
307	_catrpt
308	_catvec
309	_century
310	_channel
311	_charFDA
312	_charsFDA
313	_chghour
314	_chgmin
315	_chgprt
316	_chgspk
317	_chgtime
318	_chkacc
319	_chkdft
320	_chkpsw
321	_chkuid
322	_chncyc
323	_chnemd
324	_choose
325	_choout
326	_choowd
327	_chropt
328	_cklonl
329	_clfile
330	_clfit
331	_clingo
332	_clrinp
333	_clrmlt
334	_clrprf
335	_clrxrf
336	_clsacc
337	_clsave
338	_clsbb
339	_clsgdp
340	_clshead
341	_clsize
342	_clslnk
343	_clsmnu
344	_clsmsg
345	_clsmsgrdr
346	_clspool
347	_clsptr
348	_clssysinf
349	_clsvid
350	_cmtlen
351	_cmtptr
352	_cncall
353	_cncchr
354	_cnchex
355	_cncint
356	_cnclng
357	_cnclon
358	_cncnum
359	_cncuid
360	_cncwrd
361	_cncyesno
362	_cntcand
363	_cntdir
364	_cntdirs
365	_cntsup
366	_cnvc2s
367	_cnvd2s
368	_cnvs2c
369	_cnvs2d
370	_cofdat
371	_color
372	_commas
373	_company
374	_condex
375	_conhdl
376	_conupd
377	_copyfile
378	_cpykey
379	_cpyutl
380	_cr3tab
381	_crc16
382	_crc32
383	_crctab
384	_crdusr
385	_crtclass
386	_csbump
387	_cspagerou
388	_csvcrr
389	_ctrlbrk
390	_cur2sav
391	_curatr
392	_curchc
393	_curcurs
394	_curcurx
395	_curcury
396	_curdlls
397	_curfn
398	_curmbk
399	_curos
400	_curreq
401	_cursact
402	_cursiz
403	_curusr
404	_cvtbufsiz
405	_cvtData
406	_cvtDataIP
407	_cvtRegister
408	_cvtscn
409	_cvttmp
410	_cycleme
411	_d2vdat
412	_dataph
413	_datofc
414	_daytoday
415	_dbytes
416	_dcdate
417	_dclanno
418	_dclmrq
419	_dclvda
420	_dctime
421	_deccst
422	_decusn
423	_decusp
424	_decusr
425	_dedcrd
426	_delacct
427	_deldir
428	_deldirerr
429	_delgen
430	_delxrf
431	_depad
432	_detflg
433	_dfaAbs
434	_dfaAbtTrans
435	_dfaAcqAbsLock
436	_dfaAcqLock
437	_dfaAcqNPLock
438	_dfaBegTrans
439	_dfaClose
440	_dfaCountRec
441	_dfaCreate
442	_dfaDelete
443	_dfaEndTrans
444	_dfaGetAbsLock
445	_dfaGetLock
446	_dfaInsert
447	_dfaInsertDup
448	_dfaInsertV
449	_dfaLastLen
450	_dfaMode
451	_dfaOpen
452	_dfaQuery
453	_dfaQueryNP
454	_dfaRecLen
455	_dfaRstBlk
456	_dfaSetBlk
457	_dfaStat
458	_dfaStepLock
459	_dfaStop
460	_dfaUnlock
461	_dfaUpdate
462	_dfaUpdateDup
463	_dfaUpdateV
464	_dfaVirgin
465	_dfaWasLocked
466	_dfltmscn
467	_dfsthn
468	_dftans
469	_dftbel
470	_dftinj
471	_dftpfn
472	_digalw
473	_digit2x5
474	_digits2x3
475	_digits2x3b
476	_digits3x3
477	_dirheadFDA
478	_disaster
479	_dispag
480	_dlahdl
481	_dlavai
482	_dlclos
483	_dldptr
484	_dlfin
485	_dlinit
486	_dlkeys
487	_dllock
488	_dllokd
489	_dloutp
490	_dlpump
491	_dlrecv
492	_dlsini
493	_dltcls
494	_dlunlk
495	_dmbufs
496	_doaditbx
497	_doubleFDA
498	_doublesFDA
499	_dovecs
500	_dpkwvFDA
501	_dschdl
502	_dskfre
503	_dspact
504	_dspchc
505	_dtrack
506	_dwopr
507	_echon
508	_echonu
509	_echsec
510	_edtchc
511	_edtimr
512	_edtpfn
513	_edtval
514	_edtvalc
515	_ehdl
516	_emdisp
517	_emful
518	_emfuscn
519	_emhhue
520	_emlsdrou
521	_emthue
522	_emubel
523	_emuchn
524	_emulscn
525	_emulupd
526	_enapag
527	_end_phase
528	_endcnc
529	_endcdrFDA
530	_endlopr
531	_endsup
532	_entcht
533	_entlse
534	_entmdl
535	_erraid
536	_errcod
537	_eurmsk
538	_excpFilter
539	_exicnc
540	_eximod
541	_explode
542	_explodem
543	_explodeto
544	_fasadd
545	_fbleng
546	_ffinhdl
547	_fgetstg
548	_fil1stlst
549	_fileparts
550	_fileup
551	_filheadFDA
552	_filinfFDA
553	_filnxtlst
554	_filspclst
555	_findkey
556	_findmod
557	_findstg
558	_findtvar
559	_finhdl
560	_finsho
561	_finsup
562	_firstwd
563	_fixpth
564	_fldptr
565	_floatFDA
566	_floatsFDA
567	_fmtx3
568	_fnd1st
569	_fndcls
570	_fndnxt
571	_fnmcse
572	_forreal
573	_fprlock
574	_freekey
575	_fsdans
576	_fsdapr
577	_fsdbd1
578	_fsdbdf
579	_fsdbdn
580	_fsdbkg
581	_fsddan
582	_fsddsp
583	_fsdego
584	_fsdemg
585	_fsdent
586	_fsdfxt
587	_fsdinc
588	_fsdini
589	_fsdlin
590	_fsdman
591	_fsdnan
592	_fsdnfy
593	_fsdoba
594	_fsdord
595	_fsdouc
596	_fsdous
597	_fsdpan
598	_fsdppc
599	_fsdprc
600	_fsdqdp
601	_fsdqoe
602	_fsdrhd
603	_fsdrft
604	_fsdroom
605	_fsdsan
606	_fsdscb
607	_fsdusr
608	_fsdxan
609	_fstcand
610	_fstchc
611	_ftfabt
612	_ftfact
613	_ftfbuf
614	_ftfcan
615	_ftfcbl
616	_ftfcib
617	_ftfcli
618	_ftfclo
619	_ftfinb
620	_ftfinbc
621	_ftfinc
622	_ftfnew
623	_ftfnwp
624	_ftfoba
625	_ftfomt
626	_ftfous
627	_ftfout
628	_ftfpsp
629	_ftfrca
630	_ftfrcl
631	_ftfrex
632	_ftfrop
633	_ftfrsk
634	_ftfrsq
635	_ftfrwb
636	_ftfrwr
637	_ftfscb
638	_ftfsrt
639	_ftfstf
640	_ftftck
641	_ftfxca
642	_ftfxcl
643	_ftfxlk
644	_ftfxop
645	_ftfxrb
646	_ftfxrd
647	_ftfxrl
648	_ftfxsk
649	_ftfxsq
650	_ftfzer
651	_ftgdn1
652	_ftgdnl
653	_ftgnew
654	_ftgptr
655	_ftgsbm
656	_ftgusr
657	_fthead
658	_ftpasr
659	_ftpasx
660	_ftpkmr
661	_ftpkmx
662	_ftplogh
663	_ftplsx
664	_ftpvew
665	_ftpx1r
666	_ftpx1x
667	_ftpxcr
668	_ftpxcx
669	_ftpxmr
670	_ftpxmx
671	_ftpybr
672	_ftpybx
673	_ftpygr
674	_ftpygx
675	_ftpzmr
676	_ftpzmx
677	_ftpzrx
678	_ftscope
679	_ftuptr
680	_fulalw
681	_fupkil
682	_galastfail
683	_galfree
684	_galmalloc
685	_gcdelay
686	_gcfsopen
687	_gcs2cs
688	_gcsasc
689	_gcsmb
690	_gcspaus
691	_gcsphup
692	_gcsplas
693	_gcsplon
694	_gcsprst
695	_gdedcrd
696	_gdpbb
697	_gen_haskey
698	_genbb
699	_genbuf
700	_getFileGMT
701	_getFileTm
702	_getMsgBlk
703	_getasc
704	_getchc
705	_getdft
706	_getgen
707	_getlst
708	_getrno
709	_getval
710	_getvalbuf
711	_givkey
712	_glbkey
713	_glbkeyi
714	_globalcmd
715	_globalgo
716	_globs
717	_gmdnam
718	_gmkdir
719	_gmtidx
720	_gnumdb
721	_gomvec
722	_goodblk
723	_goodcptr
724	_goodptr
725	_goodstg
726	_gopage
727	_gpagint
728	_gpboot
729	_gphdlr
730	_gpirou
731	_gprintf
732	_gpslmt
733	_greqid
734	_grpnum
735	_grtype
736	_gtstcrd
737	_gvbust
738	_hangups
739	_hasaxs
740	_haskey
741	_haskno
742	_hasmkey
743	_hdedcrd
744	_hdlc25
745	_hdlchc
746	_hdlcnc
747	_hdlinp
748	_hdlpmu
749	_hdlrlg
750	_hdlrst
751	_hdlsmp
752	_hdluid
753	_hdlzap
754	_hexopt
755	_hichp1
756	_hlpbuf
757	_hlphdl
758	_hlpscn
759	_hobufs
760	_hook_announce
761	_hook_cleanup
762	_hook_connect
763	_hook_delacct
764	_hook_disconnect
765	_hook_finalshutdown
766	_hook_shutdown
767	_howbuy
768	_hupall
769	_hviad
770	_ibm2ans
771	_iceheadFDA
772	_ilingo
773	_imbump
774	_imdrop
775	_imonorcol
776	_incusr
777	_inedit
778	_infsdhup
779	_iniacc
780	_iniarip
781	_iniaud
782	_iniaus
783	_inidst
784	_inifsd
785	_iniftf1
786	_iniftf2
787	_inigcsp
788	_inigenagt
789	_inikys
790	_inilingo
791	_inilopr
792	_inimlt
793	_inimnu
794	_inimsg
795	_inimsgrdr
796	_inipool
797	_iniprf
798	_inirmdl
799	_iniscn
800	_inisho
801	_inisho2
802	_inisup
803	_inisysagt
804	_initask
805	_initvid
806	_injacr
807	_injoth
808	_inplen
809	_input
810	_invbel
811	_isbigend
812	_iserrf
813	_isfiln
814	_isfxval
815	_ismyreq
816	_isRunAsService
817	_isrunpgm
818	_isselc
819	_issupc
820	_istxvc
821	_isuidc
822	_isvaldn
823	_isvalds
824	_isvalfc
825	_isvalfn
826	_iswrite
827	_itemcnt
828	_itemcntd
829	_itemidx
830	_itemidxd
831	_jmp2chc
832	_keyhit
833	_keynam
834	_keysbb
835	_kilchn
836	_kilctr
837	_kilipg
838	_kiloop
839	_kilsrc
840	_kiluid
841	_kysbuf
842	_l2as
843	_langchg
844	_languages
846	_lastwd
847	_ldedcrd
848	_lincst
849	_lingyn
850	_linuse
851	_listing
852	_litopts
853	_liveph
854	_lngfnd
855	_lngfoot
856	_lnghead
857	_lnglist
858	_lngopt
859	_lngposn
860	_lngset
861	_lngtail
862	_lngtck
863	_lngval
864	_loadacc
865	_loadkeys
866	_loadtv
867	_loadup
868	_lobuf
869	_locate
870	_lockbit
871	_loknam
872	_lonaud
873	_loncdi
874	_longFDA
875	_longsFDA
876	_lonstf
877	_lookup_dpkfda
878	_loscar
879	_lotype
880	_low_haskey
881	_lsehdl
882	_lsesscn
883	_lsesupd
884	_lsfxval
885	_ltstcrd
886	_lupapp
887	_lvchat
888	_mainhdl
889	_makhdl
890	_margc
891	_margn
892	_margv
893	_maxcand
894	_maxcat
895	_maxfld
896	_maxlnm
897	_maxpol
898	_maxscns
899	_maxspd
900	_maxtags
901	_mbdone
902	_mbstk
903	_mcuhdl
904	_mcuhr
905	_mcvpath
906	_mdfgets
907	_mdfodmd
908	_mdmatz
909	_mdmbsy
910	_mdmnan
911	_mdstats
912	_mem2scn
913	_memcata
914	_memstp
915	_menupg
916	_mfytask
917	_mhdl
918	_mjrmb
919	_mkdosn
920	_mltflg
921	_mmuatr
922	_mmucrr
923	_mnubb
924	_mnudnl
925	_mnuoff
926	_mnuusr
927	_module
928	_moname
929	_monascn
930	_monorcol
931	_morcnc
932	_morsup
933	_movefile
934	_mrqoff
935	_mrqptr
936	_mrqsiz
937	_msgbuf
938	_msghdl
939	_msgnam
940	_msgscan
941	_msgseek
942	_mslidx
943	_mstscan
944	_msysid
945	_mtrlng
946	_mulmth
947	_multsk
948	_mviad
949	_mxbaudl
950	_mxmssz
951	_namacls
952	_namapp
953	_namcrc
954	_namdft
955	_namptr
956	_namtmp
957	_ncdate
958	_ncedat
959	_nctime
960	_ncudnt
961	_ndedcrd
962	_needupc
963	_newarr
964	_newgenagt
965	_newpool
966	_nextwd
967	_nglobs
968	_ninarr
969	_nkyrec
970	_nlingo
971	_nliniu
972	_nmods
973	_noalen
974	_normspec
975	_now
976	_nreccl
977	_nsexploto
978	_nslatr
979	_nterms
980	_ntfysopr
981	_ntstcrd
982	_numaus
983	_numbytp
984	_numbyts
985	_numcand
986	_numcat
987	_numcdi
988	_numcls
989	_numdirs
990	_numfils
991	_numonl
992	_numopt
993	_nxtcmd
994	_nxtink
995	_odedcrd
996	_oesrou
997	_ok2write
998	_okbday
999	_onbbs
1000	_onsys
1001	_onsysn
1002	_opfile
1003	_opnans
1004	_opngdp
1005	_opnmsg
1006	_opnsysinf
1007	_osversn
1008	_othkey
1009	_othtrm
1010	_othuap
1011	_othusn
1012	_othusp
1013	_otstcrd
1014	_outbsz
1015	_outmlt
1016	_outprf
1017	_paccit
1018	_padfld
1019	_pagcstg
1020	_pagerou
1021	_pageset
1022	_pagstt
1023	_parsin
1024	_pascrit
1025	_pfbsiz
1026	_pfceil
1027	_pfnlvl
1028	_pfnptr
1029	_phavai
1030	_pherrf
1031	_phinbw
1032	_phinpu
1033	_phosiz
1034	_phoutp
1035	_phtckr
1036	_pinstd
1037	_pmcare
1038	_pmlt
1039	_pmvalu
1040	_poslng
1041	_powprf
1042	_prat
1043	_prcaus
1044	_prcrtk
1045	_prctask
1046	_prepff
1047	_prf
1048	_prfasc
1049	_prfbuf
1050	_prfbuffers
1051	_prfmlt
1052	_prfmsg
1053	_prfpointers
1054	_prfptr
1055	_printfat
1056	_prndat
1057	_prnday
1058	_prntim
1059	_profan
1060	_proff
1061	_protinit
1062	_prtPhase
1063	_psmatms
1064	_pstphs
1065	_pthopt
1066	_ptrblok
1067	_put2scn
1068	_putval
1069	_qroom
1070	_r2rgdp
1071	_r2rprf
1072	_r2wprf
1073	_rawmsg
1074	_rdedcrd
1075	_rdfile
1076	_rdfp
1077	_rdmsg
1078	_readgdpEQ
1079	_readgdpGT
1080	_readgdpLT
1081	_recents
1082	_redolocks
1083	_reflow
1084	_regautsns
1085	_register_agent
1086	_register_dpkfda
1087	_register_module
1088	_register_pseudok
1089	_register_stascn
1090	_register_textvar
1091	_regscn
1092	_rejectreq
1093	_repmem
1094	_ripcls
1095	_ripdfd
1096	_ripidx
1097	_ripmb
1098	_rlingo
1099	_rmtsys
1100	_rmvkey
1101	_rmvwht
1102	_rptphs
1103	_rqdptr
1104	_rsetop
1105	_rsmode
1106	_rsmodes
1107	_rsp2read
1108	_rsp2write
1109	_rsptim
1110	_rsptmp
1111	_rstchn
1112	_rstcur
1113	_rstloc
1114	_rstmbk
1115	_rstrin
1116	_rstrxf
1117	_rstwin
1118	_rsvarea
1119	_rsvnam
1120	_rsyfad_hook
1121	_rtextFDA
1122	_rtihdlr
1123	_rtkick
1124	_rtkoff
1125	_rtstcrd
1126	_rzvbstgFDA
1127	_s2aahdl
1128	_s2capp
1129	_s2cshdl
1130	_s2vdat
1131	_sachar
1132	_safpsw
1133	_salingo
1134	_sameas
1135	_samein
1136	_samend
1137	_samepatu
1138	_sameto
1139	_sampky
1140	_sampln
1152	_saunmu
1153	_savepage
1154	_savusr
1155	_sawclan
1156	_saycrd
1157	_scanalt
1158	_scanch
1159	_scblank
1160	_scbmax
1161	_scn2aux
1162	_scn2mai
1163	_scn2mem
1164	_scn2scn
1165	_scncolor
1166	_scngetc
1167	_scngoaway
1168	_scnids
1169	_scnmdf
1170	_scnpsk
1171	_scnputc
1172	_scnputw
1174	_sec2sav
1175	_secchr
1176	_selatr
1177	_senddpk
1178	_setFileGMT
1179	_setFileTm
1180	_setatr
1181	_setbbye
1182	_setbyprot
1183	_setcnf
1184	_setcrit
1185	_setftu
1186	_setgen
1187	_setmbk
1188	_setpfn
1189	_setwin
1190	_sftrak
1191	_sgnusz
1192	_shdl
1193	_shochl
1194	_shochl_hook
1195	_shocst
1196	_shofld
1197	_shomal
1198	_shomal_hook
1199	_shortFDA
1200	_shortm
1201	_shortsFDA
1202	_shtset
1203	_shtval
1204	_shwcrd
1205	_shwusr
1206	_signup
1207	_sincebl
1208	_sizmem
1209	_skcipg
1210	_skpans
1211	_skptwht
1212	_skpwht
1213	_skpwrd
1214	_sltrak
1215	_snd2al
1216	_snd2ch
1217	_sndrst
1218	_sndsap
1219	_snumdb
1220	_sopaud
1221	_sortstgs
1222	_spageset
1223	_spr
1224	_stahdl
1225	_stansi
1226	_starit
1227	_startv
1228	_statscn
1229	_status
1230	_stdchk
1231	_stdmchk
1232	_stfext
1233	_stgidx
1234	_stgopt
1235	_stlcat
1236	_stlcpy
1237	_stop_polling
1238	_stp4cs
1239	_stpans
1240	_stppfx
1241	_strins
1242	_stripb
1243	_strpln
1244	_strrpl
1245	_strsrep
1246	_strstp
1247	_stthue
1248	_stzcat
1249	_stzcpy
1250	_subvers
1251	_supappid
1252	_supchc
1253	_supdfts
1254	_suphup
1255	_supmb
1256	_sv
1257	_sv2
1258	_sv3
1259	_svrate
1260	_swbufs
1261	_swtcls
1262	_swtcls_hook
1263	_syscyc
1264	_syskey
1265	_sysload
1266	_syslod
1267	_sysrec
1268	_sysstg
1269	_tdremv
1270	_tfcchg
1271	_tfsabt
1272	_tfsbuf
1273	_tfsdpr
1274	_tfsfb
1275	_tfsopn
1276	_tfspfx
1277	_tfspst
1278	_tfspth
1279	_tfsrdl
1280	_tfstate
1281	_tjoinrou
1282	_today
1283	_tokopt
1284	_tpwipe
1285	_travai
1286	_trclap
1287	_trclos
1288	_trdptr
1289	_trfin
1290	_trinap
1291	_trinit
1292	_troutp
1293	_trpump
1294	_trrcvp
1295	_trsini
1296	_tshmsg
1297	_tstcrd
1298	_txtbuf
1299	_txtvars
1300	_uacoff
1301	_udwrap
1302	_uhskey
1303	_uhsmkey
1304	_uidarr
1305	_uidkey
1306	_uidxrf
1307	_uidxst
1308	_uiekytbl
1309	_uinsys
1310	_uintfy
1311	_uisusn
1312	_ul2as
1313	_ulngset
1314	_ulngval
1315	_undwin
1316	_uniqfn
1317	_ll_uniqfn
1318	_unpack
1319	_unpad
1320	_unrarea
1321	_unsavscns
1322	_untag
1323	_updacc
1324	_updbckgnd
1325	_updcal
1326	_usaptr
1327	_usdptr
1328	_ushtset
1329	_ushtval
1330	_usrchl
1331	_usrflags
1332	_usridx
1333	_usrnum
1334	_usroff
1335	_usrptr
1336	_usshdl
1337	_ussscn
1338	_v2ddat
1339	_v2dtim
1340	_v2sdat
1341	_v2stim
1342	_valdpc
1343	_validig
1344	_validyn
1345	_vallon
1346	_valpsw
1347	_valsiz
1348	_valuid
1349	_valupc
1350	_vdaoff
1351	_vdaptr
1352	_vdasiz
1353	_vdatmp
1354	_version
1355	_vfyadn
1356	_vidmov
1357	_visbel
1358	_vispsw
1359	_vtmsend
1360	_vtmsndok
1361	_wcmatch
1362	_wginit
1363	_whomon
1364	_writegdp
1365	_xfrfil
1366	_xltctls
1367	_xlttxv
1368	_xrfbb
1369	_ynopt
1370	_zafilid
1371	_zaptbl
1372	_zooheadFDA
1373	_ztzone
1374	_zvbstgFDA
1375	_outata
1376	_hdlrng
1377	_hdlcon
1378	_hdlnrg
1379	_isWinNT
1380	_getErrorText
1381	_getLastErrorText
1382	_registerDSModule
1383	_dsNegOut
1384	_dsNegDone
1418	_cvtType
1419	_cvtFlags
1420	_cvtChan
1421	_scanmem
1422	_scanstg
1423	_lngswt
1424	_decuap
1425	_decdft
1426	_declog
1427	_decsup
1428	_dectdy
1429	_deccal
1430	_dec15s
1431	_deccrd
1432	_npkeys
1433	_pkeys
1434	_chanty
1435	_enairp
1436	_dsairp
1437	_hook_swt2aa
1438	_hook_swt2cs
1439	_grtsub
1440	_echtyp
1441	_rcdbaud
1442	_auswait
1443	_bdspec
1444	_psmatm
1445	_usrson
1446	_ningrp
1447	_kiletc
1448	_mtretv
1449	_mtrint
1450	_mtruni
1451	_mtrbuf
1452	_genrdn
1453	_lngrnd
1454	_mtgstg
1455	_mtgchn
1456	_mtgbas
1457	_instat
1458	_repack
1459	_minuid
1460	_minpwd
1461	_valupsw
1462	_agents
1463	_clisrv
1464	_mmappid
1465	_usrdat
1466	_nagents
1467	_ntvars
1468	_alcvda
1473	_calcage
1474	_globgo
1475	_grbtxv
1476	_valexi
1477	_copyuser
1478	_numliccdi
1479	_reqpsw
1480	_greet
1481	_uidpmt
1482	_fndfile
1483	_isdir
1484	_isfile
1485	_alwsup
1486	_chkauid
1487	_parsePageCmdRou
1488	_hdlPageCmdRou
1489	_setPageIntRou
1490	_pageShowRou
1491	_ignorePageRou
1492	_allowPageRou
1493	_pageIgnoredRou
1494	_pagekey
1495	_noignkey
1496	_dftpop
1497	_defpgint
1499	_pageptr
1500	_pagemb
1501	_pageLogon
1502	_pageHup
1503	_pageDel
1504	_uidCaps
1505	_tlcInvisRou
1506	_cfgGetStr
1507	_cfgSetStr
1508	_cfgMerge
1509	_makePath
1510	_binSearch
1511	_binFindNear
1512	_strmove
1513	_nextLine
1514	_hexval
1515	_hexdig
1516	_freblok
1517	_dfaCreateSpec
1518	_audfOpen
1519	_audfClose
1520	_audfRecover
1521	_audfNumRecs
1522	_audfAddEntry
1523	_audfVAddEntry
1524	_audfReadEntry
1525	_audfFindEntryDOS
1526	_audfFindEntryStr
1527	_audfReadOldStyle
1528	_audfChannelStr
1529	_audfFormatEntry
1530	_audfCvtRawToEntry
1531	_audfCvtEntryToOld
1532	_audfOpenLowLevel
1533	_audfAddLowLevel
1534	_audfReadLowLevel
1535	_hAuditTrail
1536	_lastDayOfMonth
1537	_sDateEncode
1538	_sTimeEncode
1539	_sDateEncodeDOS
1540	_sTimeEncodeDOS
1541	_sDateDecode
1542	_sTimeDecode
1543	_sDateDecodeDOS
1544	_sTimeDecodeDOS
1545	_sDecodeDT
1546	_sDecodeDTDOS
1547	_ncdatel
1548	_ncedatl
1549	_v2sdatl
1550	_difYear
1551	_difDate
1552	_addDaysToDate
1553	_validDate
1554	_validTime
1555	_prnDate
1556	_prnTime
1557	_dayFromDate
1558	_strMonths
1559	_strDays
1560	_updaccu
1561	_fixBirthdate
1562	_strBirthdate
1563	_dateDecode
1564	_timeDecode
1565	_validDateDOS
1566	_validTimeDOS
1567	_pageHowmnyHook
1568	_canPageHook
1569	_pageOutputHook
1570	_pagePrspowHook
1571	_pageGetInfoHook
1572	_pageLoadRecord
1573	_pageSaveRecord
1574	_hook_createacct
1575	_hook_startup
1576	_hCreateAcctVecs
1577	_hStartupVecs
1578	_infsd
1579	_hdlbump
1580	_acnmb
1581	_cschkuid
1582	_cschkpsw
1583	_inpolr
1584	_lstunm
1585	_newunm
1586	_stdpks
1587	_getShortName
1588	_xtoi
1589	_xtol
1590	_pagerouUid
1591	_pagesetUid
1592	_spagesetUid
1593	_gpirouUid
1594	_hdlusrson
1595	_pageUserMessage
1596	_sendSysopPage
1597	_sendConsole
1598	_pageGetInfoNum
1599	_gmktemp
1600	_scnpsk2
1601	_register_pseudok2
1602	_numPseudokey2
1603	_getPseudokey2
